ponto,categoria,legenda,autor
T2-01,,,
T2-02,,,
T2-03,,,
T2-04,,,
T2-05,,,
T2-06,,,
T2-07,,,
T2-08,,,
T2-09,,,
T2-10,,,
T2-11,,,
T2-12,,,
T2-13,,,
T2-14,,,
T2-15,,,
T2-16,,,
T2-17,,,
T2-18,,,
T2-19,,,
T2-20,,,
T5-01,,,
T5-02,,,
T5-03,,,
T5-04,,,
T5-05,,,
T5-06,,,
T5-07,,,
T5-08,,,
T5-09,,,
T5-10,,,
T5-11,,,
T5-12,,,
T5-13,,,
T5-14,,,
T5-15,,,
T5-16,,,
T5-17,,,
T5-18,,,
T5-19,,,
T5-20,,,
T5-21,,,
T5-22,,,
T5-23,,,
T5-24,,,
T5-25,,,
T5-26,,,
T5-27,,,
T5-28,,,
T5-29,,,
T5-30,,,
T5-31,,,
T5-32,,,
T5-33,,,
T5-34,,,
T5-35,,,
T5-36,,,
T5-37,,,
